Driver,,,,,,,,,,,,,,,,,,,,,
name,employee_number,employee_start_date,,,,,,,,,,,,,,,,,,,
Olivia Carter,OC4827,20250105,,,,,,,,,,,,,,,,,,,
Marcus Flynn,MF1936,20250131,,,,,,,,,,,,,,,,,,,
Jade Thompson,JT7604,20250206,,,,,,,,,,,,,,,,,,,
Elias Navarro,EN8451,20250216,,,,,,,,,,,,,,,,,,,
Priya Singh,PS2379,20250225,,,,,,,,,,,,,,,,,,,
Leo Bennett,LB5013,20250310,,,,,,,,,,,,,,,,,,,
Amara Wells,AW3285,20250314,,,,,,,,,,,,,,,,,,,
Darius Kim,DK1160,20250330,,,,,,,,,,,,,,,,,,,
Naomi Brooks,NB7728,20250408,,,,,,,,,,,,,,,,,,,
Felix Romero,FR6924,20250419,,,,,,,,,,,,,,,,,,,
Patty Peter,PP4545,20250419,,,,,,,,,,,,,,,,,,,